ID,organization,state,industry,exposure,records
ITRC20151229-03,Quincy Credit Union,MA,Banking/Credit/Financial,Yes - Unknown #,Unknown
ITRC20151216-01,Toyota Motor Credit Corporation,CA,Banking/Credit/Financial,Yes - Unknown #,Unknown
ITRC20151215-02,"Sorrento Pacific Financial, LLC",CA,Banking/Credit/Financial,Yes - Unknown #,Unknown
ITRC20151209-02,"Citizens Financial Group, Inc.",RI,Banking/Credit/Financial,Yes - Published #,498
ITRC20151209-01,"Ameriprise Financial, Inc.",MN,Banking/Credit/Financial,Yes - Unknown #,Unknown
ITRC20151201-12,TD Bank,NJ,Banking/Credit/Financial,Yes - Unknown #,Unknown
ITRC20151201-06,Spring Mountain Capital / KPMG,NY,Banking/Credit/Financial,Yes - Unknown #,Unknown
ITRC20151130-06,Principal Financial Group,IA,Banking/Credit/Financial,Yes - Unknown #,Unknown
ITRC20151124-15,LPL Financial / Independent Financial Partners,CA,Banking/Credit/Financial,Yes - Unknown #,Unknown
ITRC20151124-10,Fidelity Investments,MA,Banking/Credit/Financial,Yes - Unknown #,Unknown
ITRC20151118-13,Columbia Threadneedle Investments,MA,Banking/Credit/Financial,Yes - Unknown #,Unknown
ITRC20151020-08,Santander Bank #5,MA,Banking/Credit/Financial,Yes - Unknown #,Unknown
ITRC20151015-01,Mainstreet Federal Credit Union,KS,Banking/Credit/Financial,Yes - Published #,300
ITRC20151013-06,E*Trade,NY,Banking/Credit/Financial,Yes - Published #,31000
ITRC20151009-01,Dow Jones & Co.,NY,Banking/Credit/Financial,Yes - Published #,3500
ITRC20151005-02,Schwab Retirement Plan Services,CA,Banking/Credit/Financial,Yes - Published #,9400
ITRC20151002-06,Scottrade,IL,Banking/Credit/Financial,Yes - Published #,812
ITRC20151002-02,Scottrade,IL,Banking/Credit/Financial,Yes - Published #,4600000
ITRC20150922-08,TD Bank,NJ,Banking/Credit/Financial,Yes - Unknown #,Unknown
ITRC20150908-01,Hawaii First Federal Credit Union,HI,Banking/Credit/Financial,Yes - Published #,5965
ITRC20150901-11,Santander Bank #4,NY,Banking/Credit/Financial,Yes - Unknown #,Unknown
ITRC20150901-10,Santander Bank #3,MA,Banking/Credit/Financial,Yes - Unknown #,Unknown
ITRC20150901-09,Santander Bank #2,MA,Banking/Credit/Financial,Yes - Unknown #,Unknown
ITRC20150901-07,BNY Mellon,NY,Banking/Credit/Financial,Yes - Unknown #,Unknown
ITRC20150818-24,LPL Financial,CA,Banking/Credit/Financial,Yes - Unknown #,Unknown
ITRC20150818-05,Nationstar Mortgage,TX,Banking/Credit/Financial,Yes - Unknown #,Unknown
ITRC20150804-14,Woodbury Financial Services,CA,Banking/Credit/Financial,Yes - Unknown #,Unknown
ITRC20150728-04,Scient Federal Credit Union,CT,Banking/Credit/Financial,Yes - Unknown #,Unknown
ITRC20150728-02,HSBC Mortgage Service Center,VA,Banking/Credit/Financial,Yes - Unknown #,Unknown
ITRC20150727-01,Golden 1 Credit Union,CA,Banking/Credit/Financial,Yes - Unknown #,Unknown
ITRC20150721-06,Citizens Bank,RI,Banking/Credit/Financial,Yes - Unknown #,Unknown
ITRC20150629-01,Bank of Manhattan - Mortgage Lending,CA,Banking/Credit/Financial,Yes - Unknown #,Unknown
ITRC20150623-15,M&T Bank,NY,Banking/Credit/Financial,Yes - Unknown #,Unknown
ITRC20150623-13,Citibank,NY,Banking/Credit/Financial,Yes - Unknown #,Unknown
ITRC20150623-12,M&T Bank,NY,Banking/Credit/Financial,Yes - Unknown #,Unknown
ITRC20150623-10,Regions Bank,AL,Banking/Credit/Financial,Yes - Unknown #,Unknown
ITRC20150623-07,First Command Financial Services,CA,Banking/Credit/Financial,Yes - Unknown #,Unknown
ITRC20150623-04,John Hancock Life Insurance Company / Signator Inve,MA,Banking/Credit/Financial,Yes - Unknown #,Unknown
ITRC20150623-03,"Gallagher Pool Wealth Management, LLC",OH,Banking/Credit/Financial,Yes - Unknown #,Unknown
ITRC20150616-09,Santander Bank #1,MA,Banking/Credit/Financial,Yes - Unknown #,Unknown
ITRC20150605-07,"Mid-America Apartment Communities, Inc. (MAA)",TN,Banking/Credit/Financial,Yes - Unknown #,Unknown
ITRC20150603-03,Virginia Credit Union,VA,Banking/Credit/Financial,Yes - Published #,2000
ITRC20150526-03,Federal Reserve Bank of St. Louis,AL,Banking/Credit/Financial,Yes - Unknown #,Unknown
ITRC20150519-11,Fort Campbell Federal Credit Union,TN,Banking/Credit/Financial,Yes - Published #,1307
ITRC20150504-05,Columbian Financial Group / Columbian Mutual Life In,NY,Banking/Credit/Financial,Yes - Unknown #,Unknown
ITRC20150428-03,BB&T Mortgage Servicing,NC,Banking/Credit/Financial,Yes - Published #,2846
ITRC20150428-02,Equity Trust Company,OH,Banking/Credit/Financial,Yes - Published #,3636
ITRC20150413-09,HSBC Finance Corporation,NY,Banking/Credit/Financial,Yes - Published #,3192
ITRC20150408-04,"Retail Capital, LLC",MI,Banking/Credit/Financial,Yes - Published #,741
ITRC20150408-03,Momentive Performance Materials Savings Plan (Fideli,OH,Banking/Credit/Financial,Yes - Unknown #,Unknown
ITRC20150330-19,TD Bank,NJ,Banking/Credit/Financial,Yes - Unknown #,Unknown
ITRC20150330-17,"OnDeck Capital, Inc.",NY,Banking/Credit/Financial,Yes - Unknown #,Unknown
ITRC20150330-16,Nationstar Mortgage / Corelogic Solutions Express,TX,Banking/Credit/Financial,Yes - Published #,34
ITRC20150330-12,Columbia Management,MA,Banking/Credit/Financial,Yes - Unknown #,Unknown
ITRC20150330-11,Citizens Financial Group,RI,Banking/Credit/Financial,Yes - Published #,1813
ITRC20150320-03,Capital One,VA,Banking/Credit/Financial,Yes - Unknown #,Unknown
ITRC20150311-02,"TD Bank, N.A.",NJ,Banking/Credit/Financial,Yes - Unknown #,Unknown
ITRC20150303-08,Piedmont Advantage Credit Union,NC,Banking/Credit/Financial,Yes - Published #,46000
ITRC20150303-05,Pioneer Bank,NY,Banking/Credit/Financial,Yes - Unknown #,Unknown
ITRC20150217-11,"Ameriprise Financial Services, Inc.",MN,Banking/Credit/Financial,Yes - Unknown #,Unknown
ITRC20150213-05,Visteon Corporation / Fidelity Investments,MI,Banking/Credit/Financial,Yes - Unknown #,Unknown
ITRC20150213-03,"Citibank, N.A.",NY,Banking/Credit/Financial,Yes - Unknown #,Unknown
ITRC20150213-02,"Citibank, N.A.",NY,Banking/Credit/Financial,Yes - Unknown #,Unknown
ITRC20150123-10,"Citibank, N.A.",NY,Banking/Credit/Financial,Yes - Unknown #,Unknown
ITRC20150123-07,Fairway Independent Mortgage Corporation,WI,Banking/Credit/Financial,Yes - Unknown #,Unknown
ITRC20150123-01,M&T Bank,NY,Banking/Credit/Financial,Yes - Unknown #,Unknown
ITRC20150122-23,Pulte Mortgage LLC,CO,Banking/Credit/Financial,Yes - Unknown #,Unknown
ITRC20150122-14,Nationstar Mortgage,TX,Banking/Credit/Financial,Yes - Unknown #,Unknown
ITRC20151229-07,SAS Safety Corporation,CA,Business,Yes - Unknown #,Unknown
ITRC20151228-05,Voter Registration Database,US,Business,Yes - Unknown #,Unknown
ITRC20151228-03,Hyatt Hotels,IL,Business,Yes - Unknown #,Unknown
ITRC20151228-02,"Acclaim Technical Services, Inc.",CA,Business,Yes - Unknown #,Unknown
ITRC20151228-01,Matson Navigation Company / Horizon Lines,CA,Business,Yes - Unknown #,Unknown
ITRC20151222-07,Uncle Maddio's Pizza Joint,GA,Business,Yes - Published #,972
ITRC20151222-04,Hello Kitty,CA,Business,Yes - Unknown #,Unknown
ITRC20151222-02,Dungarees,MO,Business,Yes - Unknown #,Unknown
ITRC20151221-04,Landry's Inc.,TX,Business,Yes - Unknown #,Unknown
ITRC20151218-02,Corner Bakery,TX,Business,Yes - Unknown #,Unknown
ITRC20151217-01,Safeway,CA,Business,Yes - Unknown #,Unknown
ITRC20151215-09,"Brenner McDonagh & Tortolani, Inc.",NY,Business,Yes - Unknown #,Unknown
ITRC20151215-07,First Transit,OH,Business,Yes - Unknown #,Unknown
ITRC20151215-03,TuneCore,NY,Business,Yes - Unknown #,Unknown
ITRC20151215-01,MacKeeper,CA,Business,Yes - Unknown #,Unknown
ITRC20151214-01,New England Calendar and Novelty Company,NY,Business,Yes - Unknown #,Unknown
ITRC20151210-01,Elephant Bar / CM Bar,TX,Business,Yes - Unknown #,Unknown
ITRC20151207-05,Kalahari Resorts,WI,Business,Yes - Unknown #,Unknown
ITRC20151207-04,"MUJI USA, LIMITED",NJ,Business,Yes - Unknown #,Unknown
ITRC20151204-04,"Knit-Rite, Inc.",KS,Business,Yes - Unknown #,Unknown
ITRC20151204-02,Keenan & Associates,CA,Business,Yes - Published #,35000
ITRC20151204-01,"Office of Holly A. Nordhues, CPA",CA,Business,Yes - Unknown #,Unknown
ITRC20151201-18,"Honey Baked Ham Company, LLC / Stoner Bunting Ad",PA,Business,Yes - Unknown #,Unknown
ITRC20151201-17,Stonebridge Life,TX,Business,Yes - Unknown #,Unknown
ITRC20151201-16,Office of Peggy Olson,ND,Business,Yes - Unknown #,Unknown
ITRC20151201-15,Integrated Listening Systems,CO,Business,Yes - Unknown #,Unknown
ITRC20151201-14,Teach for America,NY,Business,Yes - Unknown #,Unknown
ITRC20151201-13,Lando Law Firm,SC,Business,Yes - Unknown #,Unknown
ITRC20151201-10,Mountain Travel Sobek,CA,Business,Yes - Unknown #,Unknown
ITRC20151201-09,Red Dress Boutique,GA,Business,Yes - Published #,295
ITRC20151201-04,Quad/Graphics,WI,Business,Yes - Published #,693
ITRC20151201-03,Northwest Georgia Housing Authority,GA,Business,Yes - Unknown #,Unknown
ITRC20151201-02,Smartlabtoys.com,WA,Business,Yes - Unknown #,Unknown
ITRC20151201-01,"Vmware, Inc.",CA,Business,Yes - Unknown #,Unknown
ITRC20151130-09,Gallagher Bassett Services,IL,Business,Yes - Unknown #,Unknown
ITRC20151130-08,Nationwide,OH,Business,Yes - Unknown #,Unknown
ITRC20151130-07,SMS Hospitality,MD,Business,Yes - Unknown #,Unknown
ITRC20151130-05,Oiselle.com,OR,Business,Yes - Unknown #,Unknown
ITRC20151130-03,Amazon Password Breach,WA,Business,Yes - Unknown #,Unknown
ITRC20151130-01,Vtech,OR,Business,Yes - Unknown #,Unknown
ITRC20151125-01,LANDESK,UT,Business,Yes - Unknown #,Unknown
ITRC20151124-21,Wilderness Resort,WI,Business,Yes - Unknown #,Unknown
ITRC20151124-17,Kohl's,WI,Business,Yes - Unknown #,Unknown
ITRC20151124-14,Intuit's TurboTax Business,CA,Business,Yes - Unknown #,Unknown
ITRC20151124-13,Summit Chemical Profit Sharing & 401(K) Plan / Ascen,PA,Business,Yes - Unknown #,Unknown
ITRC20151124-12,Interline Brands,FL,Business,Yes - Unknown #,Unknown
ITRC20151124-11,Wm. T. Burnett & Co./STX,MD,Business,Yes - Unknown #,Unknown
ITRC20151124-09,Aon Hewitt,IL,Business,Yes - Unknown #,Unknown
ITRC20151124-08,Follett Corporation,IL,Business,Yes - Unknown #,Unknown
ITRC20151124-07,Newton Running,CO,Business,Yes - Unknown #,Unknown
ITRC20151124-05,New Enterprise Associates / Collected Intelligence LL,MD,Business,Yes - Unknown #,Unknown
ITRC20151124-04,YMCA of Greater Pittsburgh,PA,Business,Yes - Unknown #,Unknown
ITRC20151124-01,"W.W. Grainger, Inc.",IL,Business,Yes - Unknown #,Unknown
ITRC20151123-01,Starwood Hotels & Resorts Worldwide,CT,Business,Yes - Unknown #,Unknown
ITRC20151118-12,Philadelphia Gas Works,PA,Business,Yes - Unknown #,Unknown
ITRC20151118-09,Common Market,ME,Business,Yes - Unknown #,Unknown
ITRC20151118-06,Swiss Cleaners,CT,Business,Yes - Unknown #,Unknown
ITRC20151118-02,Securus Technologies,TX,Business,Yes - Published #,63000
ITRC20151113-01,Fashion to Figure,DE,Business,Yes - Unknown #,Unknown
ITRC20151112-01,Comcast,AL,Business,Yes - Unknown #,Unknown
ITRC20151109-03,Four Winds Casino Resort,MI,Business,Yes - Unknown #,Unknown
ITRC20151105-02,Interstitial Cystitis Network (ICN Mail Order Center),CA,Business,Yes - Unknown #,Unknown
ITRC20151105-01,Avis Budget Group,NJ,Business,Yes - Unknown #,Unknown
ITRC20151103-03,Dow Corning Corporation,MI,Business,Yes - Published #,4000
ITRC20151103-01,Accuform Signs,FL,Business,Yes - Unknown #,Unknown
ITRC20151030-01,Yellowfront Grocery,ME,Business,Yes - Unknown #,Unknown
ITRC20151029-04,"ShowTix4U / Digital Theatre, LLC",NV,Business,Yes - Unknown #,Unknown
ITRC20151029-03,STILETTO Solutions,CA,Business,Yes - Unknown #,Unknown
ITRC20151029-01,Casey's General Stores,IA,Business,Yes - Unknown #,Unknown
ITRC20151026-01,Noble House Hotel and Resorts - The Commons,WA,Business,Yes - Published #,19472
ITRC20151020-06,"EyeByeDirect, Inc.",TX,Business,Yes - Unknown #,Unknown
ITRC20151020-04,Millers Mutual Group,PA,Business,Yes - Unknown #,Unknown
ITRC20151019-02,Food.com / Scripps Network,TN,Business,Yes - Unknown #,Unknown
ITRC20151019-01,Community Catalysts of California,CA,Business,Yes - Published #,1182
ITRC20151015-02,Uber,CA,Business,Yes - Published #,1182
ITRC20151013-07,America's Thrift Stores,AL,Business,Yes - Unknown #,Unknown
ITRC20151013-05,"Office of Peggy E. Olson, CPA",MT,Business,Yes - Published #,Unknown
ITRC20151013-04,"Peppermill Casinos, Inc.",NV,Business,Yes - Unknown #,Unknown
ITRC20151009-06,MARTA,GA,Business,Yes - Published #,785
ITRC20151009-05,Schlage Lock Company,IL,Business,Yes - Unknown #,Unknown
ITRC20151009-04,NorthShore Supply (Samela),IL,Business,Yes - Unknown #,Unknown
ITRC20151009-03,glamglowmud.com (GlamGlow),CA,Business,Yes - Unknown #,Unknown
ITRC20151006-01,Streets of New York,AZ,Business,Yes - Published #,250
ITRC20151002-05,"M&R Strategic Services, Inc.",DC,Business,Yes - Unknown #,Unknown
ITRC20151002-04,American Bankers Association,DC,Business,Yes - Unknown #,Unknown
ITRC20151001-01,T-Mobile / Experian,WA,Business,Yes - Published #,15000000
ITRC20150929-10,Big Blue Bus,CA,Business,Yes - Unknown #,Unknown
ITRC20150929-08,Hilton Worldwide,VA,Business,Yes - Unknown #,Unknown
ITRC20150929-05,Bed Bath & Beyond,NJ,Business,Yes - Unknown #,Unknown
ITRC20150929-04,padlocks4less.com / Frank J. Martin Company,WA,Business,Yes - Unknown #,Unknown
ITRC20150929-03,Trump Hotel Collection,NV,Business,Yes - Unknown #,Unknown
ITRC20150922-11,ACE Surgical Supply Co.,MA,Business,Yes - Published #,4300
ITRC20150922-10,Costco Photo Center / PNI Digital Media,WA,Business,Yes - Unknown #,Unknown
ITRC20150922-09,YapStone (VacationRentPayment),CA,Business,Yes - Unknown #,Unknown
ITRC20150922-02,Outback / T-Bird Restaurant Group,FL,Business,Yes - Unknown #,Unknown
ITRC20150915-03,"Glidewell Laboratories / Dental Ceramics, Inc. / James",OH,Business,Yes - Unknown #,Unknown
ITRC20150908-05,Heritage Foundation,DC,Business,Yes - Unknown #,Unknown
ITRC20150908-04,Viewpoint Construction Software,OR,Business,Yes - Published #,115
ITRC20150908-03,We End Violence / California State Universitites,CA,Business,Yes - Published #,79000
ITRC20150908-02,ReverbNation,NC,Business,Yes - Unknown #,Unknown
ITRC20150901-08,Michigan Catholic Conference,MI,Business,Yes - Unknown #,Unknown
ITRC20150901-05,Village Pizza & Pub,IL,Business,Yes - Unknown #,Unknown
ITRC20150901-04,Utah Food Bank,UT,Business,Yes - Published #,10385
ITRC20150901-03,Olympia Hotel Management / Brunswick Hotel & Taver,ME,Business,Yes - Published #,2600
ITRC20150901-02,Milk Nursingwear,FL,Business,Yes - Unknown #,Unknown
ITRC20150901-01,Genworth,VA,Business,Yes - Published #,2500
ITRC20150825-08,Holiday Inn Harrisburg/Hershey - Milestone Hospitality,MD,Business,Yes - Unknown #,Unknown
ITRC20150825-07,Rogers Electric,GA,Business,Yes - Unknown #,Unknown
ITRC20150825-03,Totally Promotional,OH,Business,Yes - Unknown #,Unknown
ITRC20150824-06,web.com,FL,Business,Yes - Published #,93000
ITRC20150824-04,AutoZone,TN,Business,Yes - Published #,49967
ITRC20150824-03,Volkswagen of Oakland (M&M Automotive Group),CA,Business,Yes - Unknown #,Unknown
ITRC20150824-02,Buyers Protection Group,GA,Business,Yes - Unknown #,Unknown
ITRC20150818-27,shorepowerinc.com,CT,Business,Yes - Unknown #,Unknown
ITRC20150818-23,Fahrenheit Group,VA,Business,Yes - Unknown #,Unknown
ITRC20150818-22,Aon Hewitt / Unum,IL,Business,Yes - Unknown #,Unknown
ITRC20150818-21,Nexient LLC,CA,Business,Yes - Unknown #,Unknown
ITRC20150818-20,Mid-Atlantic German Shepherd Rescue Association / C,DC,Business,Yes - Unknown #,Unknown
ITRC20150818-19,Collected Intelligence,NY,Business,Yes - Unknown #,Unknown
ITRC20150818-18,T. Rowe Price Retirement Plan Services,MD,Business,Yes - Unknown #,Unknown
ITRC20150818-17,State Farm,IL,Business,Yes - Unknown #,Unknown
ITRC20150818-15,Allegis Group,MD,Business,Yes - Unknown #,Unknown
ITRC20150818-14,Asbury Methodist Village Continuing Care Retirement,MD,Business,Yes - Unknown #,Unknown
ITRC20150818-12,Mid-America Apartment Communities,TN,Business,Yes - Unknown #,Unknown
ITRC20150818-10,CF Industries,IL,Business,Yes - Unknown #,Unknown
ITRC20150818-07,Metropolitan Hospitality Group,VA,Business,Yes - Unknown #,Unknown
ITRC20150818-06,Defiance Metal Products Co. 401K Plan & Trust / Asce,PA,Business,Yes - Unknown #,Unknown
ITRC20150818-04,Lee's Deli (Sterling M. Enterprises),CA,Business,Yes - Unknown #,Unknown
ITRC20150811-03,Mohu / Green Wave Scientific,NC,Business,Yes - Published #,2500
ITRC20150811-02,SterlingBackcheck,NY,Business,Yes - Published #,100000
ITRC20150806-01,Mama Mio US,CA,Business,Yes - Unknown #,Unknown
ITRC20150804-10,Tremco,OH,Business,Yes - Unknown #,Unknown
ITRC20150804-01,Orange County Employees Association,CA,Business,Yes - Unknown #,Unknown
ITRC20150730-02,"Hanesbrands, Inc.",NC,Business,Yes - Unknown #,Unknown
ITRC20150728-13,North Dakota Worker's Compensation,ND,Business,Yes - Unknown #,Unknown
ITRC20150728-05,Vision Nissan,NY,Business,Yes - Unknown #,Unknown
ITRC20150728-01,Ransomed Heart Ministries,CO,Business,Yes - Unknown #,Unknown
ITRC20150721-07,Alfa Specialty Insurance Corporation / Alfa Vision Insu,TN,Business,Yes - Published #,86000
ITRC20150721-05,"Atkinson, Andelson, Loya, Ruud & Romo",CA,Business,Yes - Unknown #,Unknown
ITRC20150721-04,"Office of Richard Berger, CPA",CA,Business,Yes - Unknown #,Unknown
ITRC20150720-02,Rite-Aid / PNI Digital Media,RI,Business,Yes - Unknown #,Unknown
ITRC20150720-01,CVS - Photo site,RI,Business,Yes - Unknown #,Unknown
ITRC20150714-05,Jenkinson's Breakwater Beach Waterpark,NJ,Business,Yes - Unknown #,Unknown
ITRC20150714-04,Latex Construction Company,GA,Business,Yes - Unknown #,Unknown
ITRC20150714-02,Insurance Services Office,NJ,Business,Yes - Unknown #,Unknown
ITRC20150713-06,Rite Aid,PA,Business,Yes - Unknown #,Unknown
ITRC20150713-02,Service Systems Associates / Zoos,CO,Business,Yes - Published #,60000
ITRC20150709-01,Evans Hotels,CA,Business,Yes - Unknown #,Unknown
ITRC20150707-08,Trump Hotel Properties,NY,Business,Yes - Unknown #,Unknown
ITRC20150707-06,Firekeepers Casino,MI,Business,Yes - Published #,85000
ITRC20150706-03,"Covanta Projects, LLC",NJ,Business,Yes - Unknown #,Unknown
ITRC20150706-02,Automotive Recovery Services (Vehicle Donation Proc,IL,Business,Yes - Published #,17215
ITRC20150630-02,DK Real Estate MGMT,FL,Business,Yes - Published #,400
ITRC20150630-01,Advanced Tech Support / Inbound Call Experts,FL,Business,Yes - Unknown #,Unknown
ITRC20150629-19,Manchester Hotel Hospitality / Six Continents Hotel (IH,TN,Business,Yes - Unknown #,Unknown
ITRC20150629-18,Genius Central,FL,Business,Yes - Published #,256
ITRC20150629-16,Hershey Entertainment & Resorts Company,PA,Business,Yes - Unknown #,Unknown
ITRC20150629-05,"LC Industries, Inc.",NC,Business,Yes - Published #,3754
ITRC20150629-03,COA Network,NJ,Business,Yes - Unknown #,Unknown
ITRC20150625-02,Summit Financial Group,TX,Business,Yes - Published #,Unknown
ITRC20150623-14,esurance,CA,Business,Yes - Unknown #,Unknown
ITRC20150623-11,"Big Idea Entertainment, LLC",TN,Business,Yes - Unknown #,Unknown
ITRC20150623-09,Marsh & McLennan Companies / Mercer,NY,Business,Yes - Unknown #,Unknown
ITRC20150623-08,"Blair & Associates, LLC",NJ,Business,Yes - Unknown #,Unknown
ITRC20150623-06,ZenPayroll,CA,Business,Yes - Unknown #,Unknown
ITRC20150623-02,NewMarket Health,MD,Business,Yes - Unknown #,Unknown
ITRC20150623-01,Dulaney Valley Memorial Gardens,MD,Business,Yes - Unknown #,Unknown
ITRC20150622-02,Law Enforcement Targets,MN,Business,Yes - Unknown #,Unknown
ITRC20150622-01,"Dungarees, LLC (Lucky Brand)",CA,Business,Yes - Unknown #,Unknown
ITRC20150617-02,Fred's Super Dollar Stores (Fred's Inc),TN,Business,Yes - Unknown #,Unknown
ITRC20150616-11,LastPass,VA,Business,Yes - Unknown #,Unknown
ITRC20150616-08,Roundpoint Mortgage Servicing Corporation,NC,Business,Yes - Unknown #,Unknown
ITRC20150616-05,Intimacy Management Company,GA,Business,Yes - Unknown #,Unknown
ITRC20150616-03,BAE Systems,NH,Business,Yes - Unknown #,Unknown
ITRC20150615-03,Holiday Valley Resort,NY,Business,Yes - Unknown #,Unknown
ITRC20150611-01,"Missing Links Networks, Inc. / eCellar",CA,Business,Yes - Published #,250000
ITRC20150609-06,"Eataly NY, LLC",NY,Business,Yes - Unknown #,Unknown
ITRC20150609-05,Saint Francis Hospital Gift Shop,OK,Business,Yes - Unknown #,Unknown
ITRC20150609-02,"ADP, LLC / ADP TotalSource",NJ,Business,Yes - Unknown #,Unknown
ITRC20150605-04,Hotel Beacon,NY,Business,Yes - Unknown #,Unknown
ITRC20150605-03,AeroGrow International,CO,Business,Yes - Unknown #,Unknown
ITRC20150605-02,"Green Tree Servicing, LLC",CA,Business,Yes - Unknown #,Unknown
ITRC20150605-01,"Gallant Risk & Insurance Services, Inc.",CA,Business,Yes - Published #,995
ITRC20150603-02,Office of W.G. Bostick,FL,Business,Yes - Unknown #,Unknown
ITRC20150603-01,Roll Global / The Wonderful Company,CA,Business,Yes - Unknown #,Unknown
ITRC20150602-06,Blue Goose Cantina,TX,Business,Yes - Unknown #,Unknown
ITRC20150528-03,Copart,IA,Business,Yes - Unknown #,Unknown
ITRC20150528-02,Heartland Payment (Payroll Solutions) Systems,CA,Business,Yes - Published #,2200
ITRC20150527-02,Merchant - American Express,NY,Business,Yes - Unknown #,Unknown
ITRC20150526-11,Institute for Financial Markets,DC,Business,Yes - Published #,248
ITRC20150526-10,"Harbor Homes, Inc.",NH,Business,Yes - Unknown #,Unknown
ITRC20150526-09,SafeandVaultStore.com,WA,Business,Yes - Unknown #,Unknown
ITRC20150526-07,LifeView,TN,Business,Yes - Unknown #,Unknown
ITRC20150526-05,Adult Friend Finder,CA,Business,Yes - Unknown #,Unknown
ITRC20150526-02,Blue Spring Partners / finfunmermaid.com,ID,Business,Yes - Unknown #,Unknown
ITRC20150519-12,Osram Sylvania,MA,Business,Yes - Unknown #,Unknown
ITRC20150519-10,BJL Cleaning Corporation d/b/a Champion Cleaning,MA,Business,Yes - Unknown #,Unknown
ITRC20150519-08,Tax DRX,NJ,Business,Yes - Unknown #,Unknown
ITRC20150518-02,Honig's Whistlestop Inc.,MI,Business,Yes - Unknown #,Unknown
ITRC20150518-01,Longwood Management Corporation,CA,Business,Yes - Unknown #,Unknown
ITRC20150507-01,Cities Service / Six Continents Hotels,US,Business,Yes - Published #,613
ITRC20150504-03,Abercrombie & Fitch,OH,Business,Yes - Unknown #,Unknown
ITRC20150504-02,"Sally Beauty Holdings, Inc.",TX,Business,Yes - Published #,62210
ITRC20150501-04,Hard Rock Hotel & Casino,FL,Business,Yes - Unknown #,Unknown
ITRC20150501-03,Harbortouch,PA,Business,Yes - Unknown #,Unknown
ITRC20150428-12,Merchant - American Express,NY,Business,Yes - Unknown #,Unknown
ITRC20150428-11,Stater Brothers,CA,Business,Yes - Unknown #,Unknown
ITRC20150428-10,Compass Group USA / NEXTEP,CA,Business,Yes - Unknown #,Unknown
ITRC20150428-04,"SolarCity Corporation / TrueNorth Compliance, Inc.",TX,Business,Yes - Unknown #,Unknown
ITRC20150423-02,"Freedom Smokes, Inc.",AL,Business,Yes - Unknown #,Unknown
ITRC20150423-01,AT&T,AL,Business,Yes - Unknown #,Unknown
ITRC20150417-01,Howe Riley & Howe PLLC,NH,Business,Yes - Unknown #,Unknown
ITRC20150414-01,Sweaty Bands,OH,Business,Yes - Unknown #,Unknown
ITRC20150413-15,Walter McCann Fanska,KS,Business,Yes - Unknown #,Unknown
ITRC20150413-13,Buchanan & Edwards,VA,Business,Yes - Unknown #,Unknown
ITRC20150413-10,Biggby Coffee,MI,Business,Yes - Unknown #,Unknown
ITRC20150413-08,Homebridge (In-Home Supportive Services),CA,Business,Yes - Unknown #,Unknown
ITRC20150413-07,Kellogg & Andelson Global Management,CA,Business,Yes - Unknown #,Unknown
ITRC20150409-01,White Lodging Services Corp.,IN,Business,Yes - Unknown #,Unknown
ITRC20150407-04,Law Enforcement - American Express,AL,Business,Yes - Unknown #,Unknown
ITRC20150407-02,"SRI, Inc.",VA,Business,Yes - Published #,9000
ITRC20150330-27,BetterBee.com,NY,Business,Yes - Published #,332
ITRC20150330-26,Slack,CA,Business,Yes - Unknown #,Unknown
ITRC20150330-25,Colonial Car Wash,NY,Business,Yes - Unknown #,Unknown
ITRC20150330-24,ModSpace,PA,Business,Yes - Unknown #,Unknown
ITRC20150330-23,"ValuTeachers, Inc.",GA,Business,Yes - Unknown #,Unknown
ITRC20150330-21,Kohl's,WI,Business,Yes - Unknown #,Unknown
ITRC20150330-20,BAE Systems,VA,Business,Yes - Unknown #,Unknown
ITRC20150330-14,gategroup,VA,Business,Yes - Unknown #,Unknown
ITRC20150330-13,Gallagher Bassett,CA,Business,Yes - Unknown #,Unknown
ITRC20150330-09,Chubb & Son,NJ,Business,Yes - Unknown #,Unknown
ITRC20150330-08,Charlotte Russe / Innotrac,CA,Business,Yes - Unknown #,Unknown
ITRC20150330-06,Direct Marketing Association (DMA),NY,Business,Yes - Unknown #,Unknown
ITRC20150330-05,"Coulter Ventures, LLC (Rogue Fitness)",OH,Business,Yes - Published #,226
ITRC20150330-04,"Nite Ize, Inc.",CO,Business,Yes - Unknown #,Unknown
ITRC20150323-04,Twitch,CA,Business,Yes - Unknown #,Unknown
ITRC20150323-03,Hilton Hhonors Program,TX,Business,Yes - Unknown #,Unknown
ITRC20150320-06,Tom Bradley International Terminal,CA,Business,Yes - Unknown #,Unknown
ITRC20150320-05,Equifax,GA,Business,Yes - Published #,300
ITRC20150319-02,Shell Vacations Club-West,FL,Business,Yes - Unknown #,Unknown
ITRC20150319-01,Apple American Group (Applebee's),OH,Business,Yes - Published #,3058
ITRC20150318-09,"E.K. and Company (Mark Riley, Inc.)",CA,Business,Yes - Unknown #,Unknown
ITRC20150318-08,EMC,MA,Business,Yes - Unknown #,Unknown
ITRC20150318-07,Alta Ski Area,UT,Business,Yes - Unknown #,Unknown
ITRC20150311-01,Kraft Music LTD,WI,Business,Yes - Unknown #,Unknown
ITRC20150310-01,Bistro Burger (Epic Foods),CA,Business,Yes - Unknown #,Unknown
ITRC20150309-08,Zoup / NEXTEP Systems,MI,Business,Yes - Unknown #,Unknown
ITRC20150309-06,A.C. Moore Arts & Crafts / Ascensus,PA,Business,Yes - Unknown #,Unknown
ITRC20150305-01,Marketing Clique,TX,Business,Yes - Published #,8700
ITRC20150304-03,Fuse Energy / Percheron LLC,TX,Business,Yes - Unknown #,Unknown
ITRC20150304-02,Mandarin Oriental Hotel Group,NY,Business,Yes - Unknown #,Unknown
ITRC20150303-04,Ziprick & Cramer LLP,CA,Business,Yes - Unknown #,Unknown
ITRC20150303-02,"Toys ""R"" Us",NJ,Business,Yes - Unknown #,Unknown
ITRC20150302-12,Uber,CA,Business,Yes - Published #,50000
ITRC20150302-11,CP Franchising / Cruise Planners,FL,Business,Yes - Unknown #,Unknown
ITRC20150302-10,Natural Grocers,CO,Business,Yes - Unknown #,Unknown
ITRC20150225-04,Urban Institute’s National Center for Charitable Statisti,DC,Business,Yes - Unknown #,Unknown
ITRC20150225-01,KSI Trading Corporation / TriNet,VA,Business,Yes - Published #,641
ITRC20150224-04,Office of Jeb Bush,FL,Business,Yes - Published #,13000
ITRC20150224-03,Lime Crime,CA,Business,Yes - Unknown #,Unknown
ITRC20150224-02,Bulk Reef Supply,MN,Business,Yes - Unknown #,Unknown
ITRC20150224-01,AAAA TV,CO,Business,Yes - Unknown #,Unknown
ITRC20150219-02,trueEX,NY,Business,Yes - Unknown #,Unknown
ITRC20150217-13,Operon Resource Management,MA,Business,Yes - Unknown #,Unknown
ITRC20150217-10,Intuit /TurboTax,CA,Business,Yes - Unknown #,Unknown
ITRC20150217-08,BigFishGames.com,WA,Business,Yes - Unknown #,Unknown
ITRC20150213-06,Blue Sky Casino / French Lick Resort,IN,Business,Yes - Published #,54624
ITRC20150213-01,Power Plant Services (Alin Machining Company),IL,Business,Yes - Unknown #,Unknown
ITRC20150210-03,Mesa del Sol Golf Club,AZ,Business,Yes - Unknown #,Unknown
ITRC20150210-01,Jefferson National Parks Association,MO,Business,Yes - Unknown #,Unknown
ITRC20150209-02,Phoenix House,NY,Business,Yes - Published #,2000
ITRC20150202-06,Book2Park.com,VA,Business,Yes - Unknown #,Unknown
ITRC20150202-05,Liberty Tax Service,CA,Business,Yes - Unknown #,Unknown
ITRC20150202-04,Greers Professional Fabricare Services,VT,Business,Yes - Unknown #,Unknown
ITRC20150202-03,"CICS Employment Services, Inc. - FBI notification",OR,Business,Yes - Unknown #,Unknown
ITRC20150123-12,Xand Corporation,NY,Business,Yes - Published #,3334
ITRC20150123-11,TMA Practice Management Group,TX,Business,Yes - Published #,2260
ITRC20150123-09,"Conference USA, Inc. (Blue Zebra)",TX,Business,Yes - Unknown #,Unknown
ITRC20150123-08,"Cultivian Ventures, LLC",IN,Business,Yes - Unknown #,Unknown
ITRC20150123-06,"Camp Bow Wow Franchising, Inc.",CO,Business,Yes - Unknown #,Unknown
ITRC20150123-05,"Aarow Equipment & Services (Aarow Contracting, Inc.)",MD,Business,Yes - Unknown #,Unknown
ITRC20150123-04,"Corday Productions, Inc. (Sony)",CA,Business,Yes - Unknown #,Unknown
ITRC20150123-03,Dutch Bros. Coffee,OR,Business,Yes - Unknown #,Unknown
ITRC20150123-02,"API Group, Inc.",MN,Business,Yes - Unknown #,Unknown
ITRC20150122-28,Wyndham Vacation Resorts,FL,Business,Yes - Unknown #,Unknown
ITRC20150122-27,DLS Direct Learning Systems,PA,Business,Yes - Published #,1507
ITRC20150122-26,Modern Gun School,PA,Business,Yes - Published #,287
ITRC20150122-25,c3controls,PA,Business,Yes - Unknown #,Unknown
ITRC20150122-24,Primerica,GA,Business,Yes - Unknown #,Unknown
ITRC20150122-21,McKenna Long & Aldridge,DC,Business,Yes - Published #,441
ITRC20150122-20,Blue Zebra Sports - American Athletic Conference,TN,Business,Yes - Published #,1218
ITRC20150122-19,Worldwide Insurance Company (Experian),AZ,Business,Yes - Unknown #,Unknown
ITRC20150122-18,Sinclair Institute / Townsend Enterprises,NC,Business,Yes - Unknown #,Unknown
ITRC20150122-17,Metropolitan Life Insurance Company,NY,Business,Yes - Unknown #,Unknown
ITRC20150122-16,Booking.com,CT,Business,Yes - Unknown #,Unknown
ITRC20150122-15,TREMEC,MI,Business,Yes - Unknown #,Unknown
ITRC20150122-12,Wingstop,TX,Business,Yes - Unknown #,Unknown
ITRC20150122-10,Merchant - American Express,AL,Business,Yes - Unknown #,Unknown
ITRC20150122-08,American Airlines,TX,Business,Yes - Unknown #,Unknown
ITRC20150122-07,United Airlines,IL,Business,Yes - Unknown #,Unknown
ITRC20150122-06,"Law Offices of David A. Krausz, P.C.",CA,Business,Yes - Unknown #,Unknown
ITRC20150122-05,ValuePetSupplies.com / Piech Sales Company,TN,Business,Yes - Unknown #,Unknown
ITRC20150122-04,Barbecue Renew / Grillparts.com,FL,Business,Yes - Unknown #,Unknown
ITRC20150122-03,"Six Red Marbles, LLC",MA,Business,Yes - Unknown #,Unknown
ITRC20150121-09,Rentrak Corporation,OR,Business,Yes - Unknown #,Unknown
ITRC20150121-05,Polish Falcons of America,PA,Business,Yes - Unknown #,Unknown
ITRC20150121-03,Allied-Barton,PA,Business,Yes - Unknown #,Unknown
ITRC20150121-01,Asset Marketing Services / GovMint.com,MN,Business,Yes - Unknown #,Unknown
ITRC20150109-01,Libbey Inc.,OH,Business,Yes - Unknown #,Unknown
ITRC20150107-03,Art of Tea,CA,Business,Yes - Unknown #,Unknown
ITRC20150107-01,Fast Forward Academy,FL,Business,Yes - Unknown #,Unknown
ITRC20150105-02,La Jolla Group,CA,Business,Yes - Unknown #,Unknown
ITRC20151222-03,Thomas Nelson Community College,VA,Education,Yes - Unknown #,Unknown
ITRC20151215-04,California Virtual Academies (CAVA),CA,Education,Yes - Unknown #,Unknown
ITRC20151208-04,Hellgate High / Missoula County Public School District,MT,Education,Yes - Unknown #,Unknown
ITRC20151201-05,John Carroll University,OH,Education,Yes - Unknown #,Unknown
ITRC20151130-04,DeKalb County School System,GA,Education,Yes - Unknown #,Unknown
ITRC20151124-16,University of Connecticut,CT,Education,Yes - Unknown #,Unknown
ITRC20151118-11,Boston University,MA,Education,Yes - Unknown #,Unknown
ITRC20151118-10,Brandeis University,MA,Education,Yes - Unknown #,Unknown
ITRC20151109-02,Utah State Office of Education,UT,Education,Yes - Published #,5500
ITRC20150929-12,North Oldham High School,KY,Education,Yes - Published #,2800
ITRC20150922-07,Hackers breach Commack High School computer syst,NY,Education,Yes - Unknown #,Unknown
ITRC20150922-06,Central New Mexico Community College,NM,Education,Yes - Published #,3000
ITRC20150915-07,Charlotte-Mecklenburg Schools,NC,Education,Yes - Published #,7600
ITRC20150824-05,University of Rhode Island,RI,Education,Yes - Unknown #,Unknown
ITRC20150818-26,Boston University,MA,Education,Yes - Published #,828
ITRC20150818-25,National American University,SD,Education,Yes - Unknown #,Unknown
ITRC20150818-16,Miami Dade College,FL,Education,Yes - Unknown #,Unknown
ITRC20150818-11,Pennsylvania State University - Greater Allegheny Cam,PA,Education,Yes - Published #,554
ITRC20150818-09,North Carolina State University,NC,Education,Yes - Unknown #,Unknown
ITRC20150811-04,Katy Independent School District,TX,Education,Yes - Published #,11000
ITRC20150806-02,Richmond Public Schools,VA,Education,Yes - Unknown #,Unknown
ITRC20150804-12,University of Connecticut School of Engineering,CT,Education,Yes - Unknown #,Unknown
ITRC20150728-11,City of Amherst,MA,Education,Yes - Unknown #,Unknown
ITRC20150713-01,New Horizons Computer Learning Centers,CA,Education,Yes - Unknown #,Unknown
ITRC20150707-07,Harvard University,MA,Education,Yes - Unknown #,Unknown
ITRC20150707-03,Cuesta College,CA,Education,Yes - Published #,4000
ITRC20150706-01,Bonita Unified School District,CA,Education,Yes - Unknown #,Unknown
ITRC20150616-06,Monadnock Regional School District,NH,Education,Yes - Unknown #,Unknown
ITRC20150615-01,San Luis Obispo County Community College District /,CA,Education,Yes - Unknown #,Unknown
ITRC20150609-04,University of Michigan,MI,Education,Yes - Unknown #,Unknown
ITRC20150526-08,Diman Regional Vocational Technical High School,MA,Education,Yes - Unknown #,Unknown
ITRC20150518-03,Pennsylvania State University - College of Engineering,PA,Education,Yes - Published #,17933
ITRC20150501-02,University of California Berkeley,CA,Education,Yes - Published #,550
ITRC20150413-17,Roxbury Community College,MA,Education,Yes - Unknown #,Unknown
ITRC20150413-11,University of New Hampshire,NH,Education,Yes - Unknown #,Unknown
ITRC20150408-06,District of Columbia Public Schools,DC,Education,Yes - Unknown #,Unknown
ITRC20150408-05,University of California Riverside,CA,Education,Yes - Published #,8000
ITRC20150408-02,Franklin & Marshall College,PA,Education,Yes - Published #,356
ITRC20150407-03,Auburn University,AL,Education,Yes - Published #,364012
ITRC20150401-03,Bradley University,IL,Education,Yes - Published #,4700
ITRC20150330-15,Frederick County Public Schools,MD,Education,Yes - Published #,7933
ITRC20150330-10,Westmont College,CA,Education,Yes - Unknown #,Unknown
ITRC20150329-04,Career Education Corporation,IL,Education,Yes - Published #,151626
ITRC20150318-11,Texas A&M,TX,Education,Yes - Published #,4697
ITRC20150303-07,Socorro Independent School District,TX,Education,Yes - Unknown #,Unknown
ITRC20150303-03,Perspectives.org,IL,Education,Yes - Unknown #,Unknown
ITRC20150225-02,Kaplan University,IA,Education,Yes - Unknown #,Unknown
ITRC20150219-01,University of Maine,ME,Education,Yes - Published #,941
ITRC20150210-04,Utah State University,UT,Education,Yes - Published #,347
ITRC20150210-02,Shorter University,GA,Education,Yes - Unknown #,Unknown
ITRC20150127-04,University of Chicago - Biological Sciences Division,IL,Education,Yes - Published #,2024
ITRC20150127-01,California State University - Dominguez Hills,CA,Education,Yes - Unknown #,Unknown
ITRC20150123-14,Mount Pleasant Independent School District,TX,Education,Yes - Published #,915
ITRC20150122-22,Waynesburg University,PA,Education,Yes - Published #,284
ITRC20150122-13,Metropolitan State University,MN,Education,Yes - Published #,160000
ITRC20150122-11,University of Oregon,OR,Education,Yes - Unknown #,Unknown
ITRC20150121-07,Columbia Southern University,AL,Education,Yes - Unknown #,Unknown
ITRC20150121-04,Azusa Pacific University,CA,Education,Yes - Unknown #,Unknown
ITRC20151229-04,Oregon Department of Veterans' Affairs,OR,Government/Military,Yes - Published #,967
ITRC20151222-01,Department of Health,NM,Government/Military,Yes - Published #,561
ITRC20151221-03,VA New England Health System,MA,Government/Military,Yes - Published #,259
ITRC20151221-02,Miami VA Healthcare System,FL,Government/Military,Yes - Published #,126
ITRC20151214-05,PeaceHealth Southwest Medical Center,WA,Government/Military,Yes - Published #,346
ITRC20151124-18,Jefferson County,CO,Government/Military,Yes - Unknown #,Unknown
ITRC20151124-06,Department of Human Services Agency,MD,Government/Military,Yes - Unknown #,Unknown
ITRC20151118-08,Department of Insurance,IL,Government/Military,Yes - Unknown #,Unknown
ITRC20151118-05,City of Tampa,FL,Government/Military,Yes - Unknown #,Unknown
ITRC20151118-03,Georgia Secretary of State,GA,Government/Military,Yes - Published #,6000000
ITRC20151116-01,Department of Health and Human Services #2,NC,Government/Military,Yes - Published #,524
ITRC20151109-01,Department of Motor Vehicles,CA,Government/Military,Yes - Unknown #,Unknown
ITRC20151105-03,Maryland Department of Information Technology,MD,Government/Military,Yes - Published #,500
ITRC20151030-05,Wisconsin Department of Veterans Affairs,WI,Government/Military,Yes - Published #,637
ITRC20151027-02,Osceola County,FL,Government/Military,Yes - Unknown #,Unknown
ITRC20151026-05,Department of Health's Children's Medical Services,FL,Government/Military,Yes - Published #,500
ITRC20151020-07,Salt Lake County,UT,Government/Military,Yes - Published #,14000
ITRC20151020-03,Department of Health and Human Services,NC,Government/Military,Yes - Published #,1615
ITRC20151009-02,Vacaville Housing Authority,CA,Government/Military,Yes - Unknown #,Unknown
ITRC20151006-04,Department of Veterans Affairs - Palo Alto,CA,Government/Military,Yes - Unknown #,Unknown
ITRC20151005-01,Ferndale Housing Commission,MI,Government/Military,Yes - Unknown #,Unknown
ITRC20150929-11,U.S. Army Fee Assistance Program,DC,Government/Military,Yes - Published #,8000
ITRC20150911-03,Pentagon Food Court,VA,Government/Military,Yes - Unknown #,Unknown
ITRC20150825-02,Department of Human Services / Office of Information,CO,Government/Military,Yes - Published #,3044
ITRC20150818-08,Department of Human Resources,MD,Government/Military,Yes - Published #,11549
ITRC20150818-03,Department of Corrections,IL,Government/Military,Yes - Published #,1000
ITRC20150818-02,Department of Health Care Policy and Financing,CO,Government/Military,Yes - Published #,1622
ITRC20150804-11,VA Black Hills Health Care System,SD,Government/Military,Yes - Published #,1100
ITRC20150804-09,Department of Child Safety,AZ,Government/Military,Yes - Unknown #,Unknown
ITRC20150804-04,Sioux Falls VA Health Care System,SD,Government/Military,Yes - Published #,1111
ITRC20150728-12,Indiana Department of Revenue,IN,Government/Military,Yes - Published #,1262
ITRC20150721-03,Department of Human Services Division of Aging Servi,GA,Government/Military,Yes - Published #,2983
ITRC20150714-01,Department of Corrections and Rehabilitation,CA,Government/Military,Yes - Unknown #,Unknown
ITRC20150713-07,Army National Guard,VA,Government/Military,Yes - Published #,850000
ITRC20150629-14,County of Lancaster EMS,SC,Government/Military,Yes - Published #,50000
ITRC20150629-12,Department of Aging and Disability Services,TX,Government/Military,Yes - Published #,6600
ITRC20150617-01,Office of Personnel Management #2 (Standard Form 86,DC,Government/Military,Yes - Published #,21500000
ITRC20150616-02,Town of Brunswick,ME,Government/Military,Yes - Unknown #,Unknown
ITRC20150609-07,Metropolitan Hospital Center / New York City Health an,NY,Government/Military,Yes - Published #,3957
ITRC20150604-01,Office of Personnel Management,DC,Government/Military,Yes - Published #,4200000
ITRC20150602-02,New York State Office of Mental Health - Nathan S. Klin,NY,Government/Military,Yes - Published #,563
ITRC20150527-03,Department of State,FL,Government/Military,Yes - Published #,13000
ITRC20150527-01,Internal Revenue Service (IRS),DC,Government/Military,Yes - Published #,334000
ITRC20150518-05,Ventura County Health Care Agency,CA,Government/Military,Yes - Published #,1339
ITRC20150430-01,County of Los Angeles+USC Medical Center / Augustu,CA,Government/Military,Yes - Published #,880
ITRC20150421-02,VA Long Beach Healthcare System,CA,Government/Military,Yes - Unknown #,Unknown
ITRC20150421-01,CDC/NIOSH World Trade Center Health Program,GA,Government/Military,Yes - Published #,958
ITRC20150420-03,Department of Children and Families / Department of E,FL,Government/Military,Yes - Published #,200000
ITRC20150413-16,Denton County Health Department,TX,Government/Military,Yes - Published #,874
ITRC20150413-05,VA Eastern Colorado Health Care System,CO,Government/Military,Yes - Published #,508
ITRC20150408-01,City of Philadelphia - Fire Department EMS Unit,PA,Government/Military,Yes - Published #,81463
ITRC20150407-05,Department of Business Oversight,CA,Government/Military,Yes - Unknown #,Unknown
ITRC20150407-01,Tulare County Health & Human Services,CA,Government/Military,Yes - Published #,845
ITRC20150330-28,Department of Labor,VT,Government/Military,Yes - Published #,80
ITRC20150330-02,GA Department of Community Health (#2),GA,Government/Military,Yes - Published #,355127
ITRC20150330-01,GA Department of Community Health,GA,Government/Military,Yes - Published #,557779
ITRC20150323-01,Virginia Department of Medical Assistance (VA-DMAS),VA,Government/Military,Yes - Unknown #,Unknown
ITRC20150318-04,County of Haywood,NC,Government/Military,Yes - Published #,955
ITRC20150305-02,VA Corporate Data Center Operations / Austin Informat,TX,Government/Military,Yes - Published #,7029
ITRC20150217-09,Philadelphia Common Pleas Court,PA,Government/Military,Yes - Unknown #,Unknown
ITRC20150127-02,Lubbock Housing Authority,TX,Government/Military,Yes - Published #,1100
ITRC20150122-02,St. Louis County's Department of Health,MO,Government/Military,Yes - Published #,4000
ITRC20150121-06,"City of Alexandria, VA / Fire Department / ADP",VA,Government/Military,Yes - Unknown #,Unknown
ITRC20151229-06,AllMed / Central Alabama Primary Care Specialists,AL,Medical/Healthcare,Yes - Unknown #,Unknown
ITRC20151229-05,Cottonwood Comfort Dental,NM,Medical/Healthcare,Yes - Unknown #,Unknown
ITRC20151229-02,Home Delivery Incontinence Supplies,MO,Medical/Healthcare,Yes - Unknown #,Unknown
ITRC20151229-01,Washington Township Health Care District,WA,Medical/Healthcare,Yes - Unknown #,Unknown
ITRC20151228-07,Belgrade Regional Health Center,ME,Medical/Healthcare,Yes - Published #,854
ITRC20151228-06,Physicians Health Plan of Northern Indiana,IN,Medical/Healthcare,Yes - Published #,1708
ITRC20151228-04,HealthSouth Rehabilitation Hospital of Round Rock,TX,Medical/Healthcare,Yes - Published #,1359
ITRC20151222-06,Alliance Health,UT,Medical/Healthcare,Yes - Published #,Unknown
ITRC20151222-05,Radiology Regional Centers,FL,Medical/Healthcare,Yes - Unknown #,Unknown
ITRC20151221-05,"Fox River Counseling Center / ST Psychotherapy, LLC",WI,Medical/Healthcare,Yes - Published #,509
ITRC20151221-01,"Office of Mary Ruth Buchness, MD, Dermatologist",NY,Medical/Healthcare,Yes - Published #,14910
ITRC20151218-01,Camelback Women's Health,AZ,Medical/Healthcare,Yes - Published #,810
ITRC20151215-08,"New Dimension Group, LLC",NC,Medical/Healthcare,Yes - Published #,1275
ITRC20151215-06,"Office of Carolyn B. Lyde, MD, PA",TX,Medical/Healthcare,Yes - Published #,1500
ITRC20151215-05,Northwest Primary Care (NWPC),OR,Medical/Healthcare,Yes - Published #,5372
ITRC20151214-06,PeaceHealth St. John Medical Center,WA,Medical/Healthcare,Yes - Published #,1407
ITRC20151214-04,Community Mercy Health Partners,OH,Medical/Healthcare,Yes - Unknown #,Unknown
ITRC20151214-03,Woodland Heights Medical Center,TX,Medical/Healthcare,Yes - Published #,450
ITRC20151214-02,Middlesex Hospital,CT,Medical/Healthcare,Yes - Published #,946
ITRC20151208-07,Cigna Home Delivery,CT,Medical/Healthcare,Yes - Published #,592
ITRC20151208-06,"Alaska Orthopedic Specialists, Inc.",AK,Medical/Healthcare,Yes - Published #,553
ITRC20151208-05,WakeMed,NC,Medical/Healthcare,Yes - Published #,158
ITRC20151208-03,MaineGeneral Health and its subsideraries,ME,Medical/Healthcare,Yes - Published #,500
ITRC20151208-02,Blue Cross Blue Shield Nebraska,NE,Medical/Healthcare,Yes - Published #,1872
ITRC20151208-01,University of Colorado Health,CO,Medical/Healthcare,Yes - Published #,827
ITRC20151207-03,Centegra Health System,IL,Medical/Healthcare,Yes - Published #,2929
ITRC20151207-02,Santa Barbara Department of Health,CA,Medical/Healthcare,Yes - Published #,260
ITRC20151207-01,Springfield Community Hospital,OH,Medical/Healthcare,Yes - Unknown #,Unknown
ITRC20151204-03,Cottage Health,CA,Medical/Healthcare,Yes - Published #,11000
ITRC20151201-11,Columbia Eye Care,MD,Medical/Healthcare,Yes - Unknown #,Unknown
ITRC20151201-08,"UC Health, LLC",OH,Medical/Healthcare,Yes - Published #,1064
ITRC20151201-07,"Midlands Orthopaedics, P.A.",SC,Medical/Healthcare,Yes - Published #,3902
ITRC20151130-02,Pathways Professional Counseling,AL,Medical/Healthcare,Yes - Published #,986
ITRC20151124-20,Office of Dr. Mary Ruth Buchness,NY,Medical/Healthcare,Yes - Published #,15000
ITRC20151124-19,Alliance Health Management & Consulting Inc.,TX,Medical/Healthcare,Yes - Unknown #,Unknown
ITRC20151124-03,Good Care Pediatric LLP,NY,Medical/Healthcare,Yes - Published #,2300
ITRC20151124-02,Healthpoint,WA,Medical/Healthcare,Yes - Published #,1300
ITRC20151118-07,Arthur Brisbane Child Treatment Center,NJ,Medical/Healthcare,Yes - Unknown #,Unknown
ITRC20151118-04,Quest Diagnostics,NJ,Medical/Healthcare,Yes - Unknown #,Unknown
ITRC20151118-01,"LTC Dental, PC",AL,Medical/Healthcare,Yes - Published #,1680
ITRC20151116-04,Dean Health,WI,Medical/Healthcare,Yes - Published #,960
ITRC20151116-03,"OH Muhlenberg, LLC",KY,Medical/Healthcare,Yes - Published #,84681
ITRC20151116-02,University of Cincinnati Medical Center,OH,Medical/Healthcare,Yes - Published #,1064
ITRC20151110-01,Rush University Medical Center,IL,Medical/Healthcare,Yes - Published #,1529
ITRC20151109-04,HUNTINGTON MEDICAL RESEARCH INSTITUTE #2,CA,Medical/Healthcare,Yes - Published #,4300
ITRC20151105-04,Huntington Medical Research Institutes #1,CA,Medical/Healthcare,Yes - Unknown #,Unknown
ITRC20151103-02,BeHealthy Health Plan,FL,Medical/Healthcare,Yes - Published #,835
ITRC20151030-04,OsteoMed LP,TX,Medical/Healthcare,Yes - Published #,1134
ITRC20151030-03,Children's Medical Clinics of East Texas,TX,Medical/Healthcare,Yes - Published #,16000
ITRC20151030-02,Woodhull Medical and Mental Health Center / NY City,NY,Medical/Healthcare,Yes - Published #,1581
ITRC20151029-02,Woodhull Medical and Mental Health Center,NY,Medical/Healthcare,Yes - Published #,1500
ITRC20151027-01,EnvisionRx,OH,Medical/Healthcare,Yes - Published #,540
ITRC20151026-07,Health Care Service Corporation,IL,Medical/Healthcare,Yes - Published #,501
ITRC20151026-06,Anne Arundel Health System,MD,Medical/Healthcare,Yes - Published #,2208
ITRC20151026-04,Emergence Health Network,TX,Medical/Healthcare,Yes - Published #,11100
ITRC20151026-03,Aspire Home Care and Hospice ( Indian Territory Home,OK,Medical/Healthcare,Yes - Published #,4500
ITRC20151026-02,Bon Secours St. Francis Health System,SC,Medical/Healthcare,Yes - Published #,1997
ITRC20151020-05,"Neuropathology Associates, PLC",AR,Medical/Healthcare,Yes - Published #,1260
ITRC20151020-02,Johns Hopkins Medicine,MD,Medical/Healthcare,Yes - Published #,838
ITRC20151020-01,Baptist Health And Arkansas Health Group,AR,Medical/Healthcare,Yes - Published #,6500
ITRC20151019-03,University of Oklahoma Department of Urology,OK,Medical/Healthcare,Yes - Published #,9300
ITRC20151013-08,Humana Medicare Advantage,KY,Medical/Healthcare,Yes - Published #,2815
ITRC20151013-03,CarePlus Health Plans,FL,Medical/Healthcare,Yes - Published #,2873
ITRC20151013-01,SSM Health Cancer Care,MO,Medical/Healthcare,Yes - Published #,643
ITRC20151007-01,Office of Daniel A. Sheldon,FL,Medical/Healthcare,Yes - Published #,2075
ITRC20151006-03,Sunquest Information Systems,AZ,Medical/Healthcare,Yes - Published #,2100
ITRC20151006-02,"Kindred Nursing Centers West, LLC",CA,Medical/Healthcare,Yes - Published #,1125
ITRC20151005-03,Skin and Cancer Center of Arizona,AZ,Medical/Healthcare,Yes - Published #,3311
ITRC20151002-03,Sentara Heart Hospital,VA,Medical/Healthcare,Yes - Published #,1040
ITRC20151002-01,Heartland Health Clinic,VA,Medical/Healthcare,Yes - Published #,3650
ITRC20150929-13,"Pediatric Gastroenterology, Hepatology & Nutrition of",FL,Medical/Healthcare,Yes - Published #,13000
ITRC20150929-09,Barrington Orthopedic Specials,IL,Medical/Healthcare,Yes - Published #,1009
ITRC20150929-07,Insurance Data Services (IDS) /Claystone Clinical Asso,WY,Medical/Healthcare,Yes - Published #,2900
ITRC20150929-06,Horizon Blue Cross Blue Shield of New Jersey,NJ,Medical/Healthcare,Yes - Published #,1173
ITRC20150929-02,Silverberg Surgical and Medical Group,CA,Medical/Healthcare,Yes - Published #,857
ITRC20150929-01,Kindred Transitional Care and Rehabilitation - Lawton,KY,Medical/Healthcare,Yes - Unknown #,Unknown
ITRC20150922-13,Blue Cross Blue Shield - North Carolina #2,NC,Medical/Healthcare,Yes - Published #,1530
ITRC20150922-12,Blue Cross Blue Shield - North Carolina #1,NC,Medical/Healthcare,Yes - Published #,807
ITRC20150922-05,Lee Memorial Health System,FL,Medical/Healthcare,Yes - Published #,1508
ITRC20150922-04,Minneapolis Clinic of Neurology,MN,Medical/Healthcare,Yes - Published #,1450
ITRC20150922-03,"Affinity Health Plan, Inc.",NY,Medical/Healthcare,Yes - Published #,496
ITRC20150922-01,Molina Healthcare / CVS,CA,Medical/Healthcare,Yes - Published #,54203
ITRC20150915-06,Systema Software,CA,Medical/Healthcare,Yes - Published #,1500000
ITRC20150915-05,LSU Health New Orleans School of Medicine,LA,Medical/Healthcare,Yes - Published #,14500
ITRC20150915-04,Vermont Health Connect,VT,Medical/Healthcare,Yes - Unknown #,Unknown
ITRC20150915-02,Sutter Health / Sutter Medical Foundation,CA,Medical/Healthcare,Yes - Published #,2302
ITRC20150915-01,Children's Hospital Medical Center of Akron,OH,Medical/Healthcare,Yes - Published #,7664
ITRC20150911-02,Oakland Family Services,MI,Medical/Healthcare,Yes - Published #,16107
ITRC20150911-01,Excellus Blue Cross Blue Shield / Lifetime Healthcare,NY,Medical/Healthcare,Yes - Published #,10000000
ITRC20150904-01,Metropolitan Atlanta Rapid Transit,GA,Medical/Healthcare,Yes - Published #,800
ITRC20150903-02,Lancaster Cardiology Medical Group / Sunder Heart In,CA,Medical/Healthcare,Yes - Published #,1200
ITRC20150903-01,PT Northwest,OR,Medical/Healthcare,Yes - Published #,1500
ITRC20150901-06,UCLA Health,CA,Medical/Healthcare,Yes - Published #,1242
ITRC20150827-02,Merit Health Northwest Mississippi,MS,Medical/Healthcare,Yes - Published #,846
ITRC20150827-01,Cancer Care Northwest,WA,Medical/Healthcare,Yes - Published #,1426
ITRC20150826-01,"Office of Robert Soper, MD",CA,Medical/Healthcare,Yes - Published #,2000
ITRC20150825-06,"Endocrinology Associates, Inc.",OH,Medical/Healthcare,Yes - Published #,1400
ITRC20150825-05,Empi Inc. / DJO LLC,MN,Medical/Healthcare,Yes - Published #,160000
ITRC20150825-04,Pediatric Group,IL,Medical/Healthcare,Yes - Published #,10000
ITRC20150825-01,Akron Children's Hospital,OH,Medical/Healthcare,Yes - Published #,7664
ITRC20150824-01,William W. Backus Hospital,CT,Medical/Healthcare,Yes - Published #,360
ITRC20150818-33,"University of Oklahoma, Department of Obstetrics and",OK,Medical/Healthcare,Yes - Published #,7693
ITRC20150818-32,Special Agents Mutual Benefit Association,MD,Medical/Healthcare,Yes - Published #,1475
ITRC20150818-31,T. J. Samson Community Hospital,KY,Medical/Healthcare,Yes - Published #,2060
ITRC20150818-30,"Office of Max M. Bayard, MD, PC",VT,Medical/Healthcare,Yes - Published #,2000
ITRC20150818-29,Baylor College of Medicine,TX,Medical/Healthcare,Yes - Published #,1004
ITRC20150818-28,Walgreen Co.,IL,Medical/Healthcare,Yes - Published #,8345
ITRC20150818-13,"Office of Deborah Zimmerman, Ph.D., PC",IL,Medical/Healthcare,Yes - Unknown #,Unknown
ITRC20150818-01,Lawrence General Hospital,MA,Medical/Healthcare,Yes - Published #,2071
ITRC20150811-01,Positive Adjustments,UT,Medical/Healthcare,Yes - Unknown #,Unknown
ITRC20150804-08,"Prima CARE, PC",MA,Medical/Healthcare,Yes - Published #,1651
ITRC20150804-07,"Urology Associates, Professional Corporation",MT,Medical/Healthcare,Yes - Published #,6500
ITRC20150804-06,Advanced Radiology Consultants,CT,Medical/Healthcare,Yes - Published #,855
ITRC20150804-05,Siouxland Anesthesiology Pain Clinic,SD,Medical/Healthcare,Yes - Published #,13000
ITRC20150804-03,"Office of Orlantino Dyoco, MD",CA,Medical/Healthcare,Yes - Published #,9000
ITRC20150804-02,North East Medical Services,CA,Medical/Healthcare,Yes - Published #,69246
ITRC20150730-01,East Bay Perinatal Medical Associates,CA,Medical/Healthcare,Yes - Published #,1494
ITRC20150729-01,McLean Hospital,MA,Medical/Healthcare,Yes - Published #,12673
ITRC20150728-10,Mayo Clinic Health System - Red Wing,MN,Medical/Healthcare,Yes - Published #,601
ITRC20150728-09,Massachusetts General Hospital,MA,Medical/Healthcare,Yes - Published #,648
ITRC20150728-08,Maricopa Special Health Care District - Integrated Heal,AZ,Medical/Healthcare,Yes - Published #,633
ITRC20150728-07,Amsterdam Nursing Home Corporation,NY,Medical/Healthcare,Yes - Published #,621
ITRC20150728-06,Healthfirst,NY,Medical/Healthcare,Yes - Published #,5338
ITRC20150728-03,OhioHealth Riverside Methodist Hospital,OH,Medical/Healthcare,Yes - Published #,1006
ITRC20150721-02,"Integral Health Plan, Inc.",FL,Medical/Healthcare,Yes - Published #,7549
ITRC20150721-01,St. John's Episcopal Hospital (Episcopal Health Servic,NY,Medical/Healthcare,Yes - Published #,509
ITRC20150717-01,UCLA Health,CA,Medical/Healthcare,Yes - Published #,4500000
ITRC20150715-02,Ohio University Hospitals,OH,Medical/Healthcare,Yes - Published #,300
ITRC20150715-01,Howard (University) Hospital,DC,Medical/Healthcare,Yes - Published #,1445
ITRC20150714-03,Arkansas Blue Cross and Blue Shield / Treat Insurance,AR,Medical/Healthcare,Yes - Published #,560
ITRC20150713-05,National Seating & Mobility,TN,Medical/Healthcare,Yes - Unknown #,Unknown
ITRC20150713-04,United Seating and Mobility/dba Numotion,CT,Medical/Healthcare,Yes - Published #,2722
ITRC20150713-03,CVS Health,RI,Medical/Healthcare,Yes - Published #,12914
ITRC20150707-05,University of California San Francisco,CA,Medical/Healthcare,Yes - Published #,435
ITRC20150707-04,UPMC Health Plan,PA,Medical/Healthcare,Yes - Published #,722
ITRC20150707-02,Montefiore Health System,NY,Medical/Healthcare,Yes - Published #,12517
ITRC20150707-01,Orlando Health,FL,Medical/Healthcare,Yes - Published #,3421
ITRC20150629-17,"Success 4 Kids & Families, Inc.",FL,Medical/Healthcare,Yes - Published #,506
ITRC20150629-15,Meritus Medical Center,MD,Medical/Healthcare,Yes - Published #,1029
ITRC20150629-11,St. Martin Parish School-Based Health Centers,LA,Medical/Healthcare,Yes - Published #,3000
ITRC20150629-10,"Central Brooklyn Medical Group, PC",NY,Medical/Healthcare,Yes - Published #,4223
ITRC20150629-09,Truman Medical Center,MO,Medical/Healthcare,Yes - Published #,503
ITRC20150629-08,"Keystone Pharmacy, Inc.",MD,Medical/Healthcare,Yes - Published #,500
ITRC20150629-07,"Implants, Dentures & Dental DBA Half Dental",NV,Medical/Healthcare,Yes - Published #,12000
ITRC20150629-04,University of California Irvine Medical Center,CA,Medical/Healthcare,Yes - Published #,4859
ITRC20150629-02,Medical Informatics Engineering (MIE) / NoMoreClipbo,IN,Medical/Healthcare,Yes - Published #,3900000
ITRC20150625-01,Trustmark Mutual Holding Company,IL,Medical/Healthcare,Yes - Unknown #,Unknown
ITRC20150623-05,Cooper University Health Care,NJ,Medical/Healthcare,Yes - Unknown #,Unknown
ITRC20150616-10,Volcano Precision Guided Therapy,CA,Medical/Healthcare,Yes - Unknown #,Unknown
ITRC20150616-07,National Seating & Mobility,TN,Medical/Healthcare,Yes - Published #,9627
ITRC20150616-04,Heartland Dental,IL,Medical/Healthcare,Yes - Published #,3197
ITRC20150616-01,Akorn Inc,OH,Medical/Healthcare,Yes - Published #,50000
ITRC20150615-02,Global Care Delivery / North Shore-LIJ Health System,NY,Medical/Healthcare,Yes - Published #,18213
ITRC20150609-09,Rite Aid Corporation,PA,Medical/Healthcare,Yes - Published #,2345
ITRC20150609-03,My Fast Lab,IN,Medical/Healthcare,Yes - Published #,170
ITRC20150609-01,Blue Shield of California / California Physicians' Servic,CA,Medical/Healthcare,Yes - Published #,843
ITRC20150605-05,Fred Finch Youth Center,CA,Medical/Healthcare,Yes - Published #,6871
ITRC20150602-05,AFLAC,GA,Medical/Healthcare,Yes - Published #,6166
ITRC20150602-04,Buffalo Heart Group,NY,Medical/Healthcare,Yes - Published #,567
ITRC20150602-03,Richmond Radiology,KY,Medical/Healthcare,Yes - Unknown #,Unknown
ITRC20150602-01,Alexian Brothers Medical Center,IL,Medical/Healthcare,Yes - Published #,632
ITRC20150601-01,U.S. HealthWorks / Dignity Health,CA,Medical/Healthcare,Yes - Unknown #,Unknown
ITRC20150528-04,Unity Recovery Group,FL,Medical/Healthcare,Yes - Published #,1000
ITRC20150528-01,Thomas H. Boyd Memorial Hospital,IL,Medical/Healthcare,Yes - Published #,8300
ITRC20150526-06,University of Rochester Medical Center,NY,Medical/Healthcare,Yes - Published #,3403
ITRC20150526-04,Beacon Health System,IN,Medical/Healthcare,Yes - Published #,306789
ITRC20150526-01,CareFirst BlueCross BlueShield,MD,Medical/Healthcare,Yes - Published #,1100000
ITRC20150519-09,Florida Department of Health,FL,Medical/Healthcare,Yes - Unknown #,Unknown
ITRC20150519-07,UPMC - University of Pittsburgh Medical Center,PA,Medical/Healthcare,Yes - Published #,2259
ITRC20150519-06,Jersey City Medical Center,NJ,Medical/Healthcare,Yes - Published #,1447
ITRC20150519-05,ADT LLC Group Health & Welfare Plan,FL,Medical/Healthcare,Yes - Published #,3074
ITRC20150519-04,MetroHealth,OH,Medical/Healthcare,Yes - Published #,981
ITRC20150519-03,Bellevue Hospital Center,NY,Medical/Healthcare,Yes - Published #,3334
ITRC20150519-02,Jacobi Medical Center,NY,Medical/Healthcare,Yes - Published #,90060
ITRC20150519-01,Eastern Maine Healthcare Systems,ME,Medical/Healthcare,Yes - Unknown #,Unknown
ITRC20150518-08,"Medical Management, LLC",ID,Medical/Healthcare,Yes - Published #,20512
ITRC20150518-07,Associated Dentists,MN,Medical/Healthcare,Yes - Published #,4725
ITRC20150518-06,"CEMEX, Inc.",TX,Medical/Healthcare,Yes - Published #,880
ITRC20150518-04,Duke LifePoint Conemaugh Memorial Medical Center,PA,Medical/Healthcare,Yes - Published #,2259
ITRC20150507-03,Orlando Health - paper breach,FL,Medical/Healthcare,Yes - Unknown #,Unknown
ITRC20150507-02,"Summit Health, Inc.",PA,Medical/Healthcare,Yes - Unknown #,Unknown
ITRC20150504-01,Walgreen Co.,IL,Medical/Healthcare,Yes - Published #,1138
ITRC20150501-01,Partners HealthCare / Nantucket Cottage Hospital,MA,Medical/Healthcare,Yes - Published #,3321
ITRC20150430-02,Wellmont Health System,TN,Medical/Healthcare,Yes - Published #,1726
ITRC20150429-02,Project Vida Health Center,TN,Medical/Healthcare,Yes - Published #,7700
ITRC20150429-01,Oregon's Health CO-OP,OR,Medical/Healthcare,Yes - Published #,14000
ITRC20150428-14,Community Mercy Health Partners / Springfield Region,OH,Medical/Healthcare,Yes - Published #,2000
ITRC20150428-13,Griffin Health Services,CT,Medical/Healthcare,Yes - Published #,397
ITRC20150428-09,Consolidated Tribal Health Project,CA,Medical/Healthcare,Yes - Published #,4885
ITRC20150428-08,University of Illinois at Chicago,IL,Medical/Healthcare,Yes - Published #,3000
ITRC20150428-07,CompuNet Clinical Laboratories,OH,Medical/Healthcare,Yes - Published #,2584
ITRC20150428-06,Seton Family of Hospitals / Ascension,TX,Medical/Healthcare,Yes - Published #,39000
ITRC20150428-05,Community Health Network,IN,Medical/Healthcare,Yes - Published #,650
ITRC20150428-01,"Saint Agnes Health Care, Inc. (Ascension)",MD,Medical/Healthcare,Yes - Published #,24967
ITRC20150423-03,St. Vincent Medical Group,IN,Medical/Healthcare,Yes - Published #,760
ITRC20150420-02,Office of Dr. Anthony T.R. Green,NY,Medical/Healthcare,Yes - Published #,7448
ITRC20150416-03,American Sleep Medicine,CA,Medical/Healthcare,Yes - Published #,1787
ITRC20150416-02,Children's Heart Center,NV,Medical/Healthcare,Yes - Published #,8791
ITRC20150416-01,Allina Health,MN,Medical/Healthcare,Yes - Published #,6000
ITRC20150414-04,Schaeffler Group USA,SC,Medical/Healthcare,Yes - Published #,550
ITRC20150414-03,Western Montana Clinic,MT,Medical/Healthcare,Yes - Published #,7038
ITRC20150414-02,Stanislaus Surgical Hospital,CA,Medical/Healthcare,Yes - Unknown #,Unknown
ITRC20150413-14,Office of Dr. Patrick Le,CA,Medical/Healthcare,Yes - Unknown #,Unknown
ITRC20150413-06,Pediatric Associates,FL,Medical/Healthcare,Yes - Published #,627
ITRC20150413-04,Cigna-Health Spring,TN,Medical/Healthcare,Yes - Published #,862
ITRC20150413-03,PIH Health Hospital - Whittier,CA,Medical/Healthcare,Yes - Published #,826
ITRC20150413-02,SUPERVALU Group Health Plan,IL,Medical/Healthcare,Yes - Published #,782
ITRC20150413-01,Covenant Ministries of Benevolance,IL,Medical/Healthcare,Yes - Published #,782
ITRC20150407-06,"Office of Elizabeth Kerner, M.D.",TX,Medical/Healthcare,Yes - Published #,873
ITRC20150403-02,"7-11, Inc. Comprehensive Welfare Benefits Plan No. 52",TX,Medical/Healthcare,Yes - Published #,1688
ITRC20150401-02,McDermott Will & Emery,IL,Medical/Healthcare,Yes - Published #,880
ITRC20150401-01,Freelancers Insurance Company,NY,Medical/Healthcare,Yes - Published #,43068
ITRC20150330-22,"Hartford Surgical Associates, PA",MD,Medical/Healthcare,Yes - Published #,350
ITRC20150330-18,Cigna,CT,Medical/Healthcare,Yes - Unknown #,Unknown
ITRC20150330-07,Aetna,CT,Medical/Healthcare,Yes - Published #,133
ITRC20150330-03,Kane Hall Barry Neurology,TX,Medical/Healthcare,Yes - Published #,600
ITRC20150329-03,Mount Sinai Medical Center,FL,Medical/Healthcare,Yes - Published #,1406
ITRC20150329-02,Life Care Center of Attleboro,MA,Medical/Healthcare,Yes - Published #,2473
ITRC20150329-01,AT&T Group Health Plan,TX,Medical/Healthcare,Yes - Published #,50000
ITRC20150323-02,Aventura Hospital and Medical Center,FL,Medical/Healthcare,Yes - Published #,686
ITRC20150320-04,Florida Hospital,FL,Medical/Healthcare,Yes - Published #,8700
ITRC20150320-02,EyeCare of Bartlesville,OK,Medical/Healthcare,Yes - Published #,4000
ITRC20150320-01,Advance Rehabilitation & Consulting LTD,GA,Medical/Healthcare,Yes - Published #,570
ITRC20150318-10,Sacred Heart Health System (Ascension Health),FL,Medical/Healthcare,Yes - Published #,14177
ITRC20150318-06,Amedisys,CA,Medical/Healthcare,Yes - Published #,6909
ITRC20150318-05,Kaiser Foundation Health Plan of the Mid-Atlantic Stat,MD,Medical/Healthcare,Yes - Published #,630
ITRC20150318-03,Children's National Health System,DC,Medical/Healthcare,Yes - Published #,18000
ITRC20150318-02,Advantage Dental (Advantage Consolidated LLC),OR,Medical/Healthcare,Yes - Published #,151626
ITRC20150318-01,Premera Blue Cross,WA,Medical/Healthcare,Yes - Published #,11000000
ITRC20150313-02,Providence ST. Joseph Medical Center / Providence H,WA,Medical/Healthcare,Yes - Unknown #,Unknown
ITRC20150313-01,Aurora Health Care,WI,Medical/Healthcare,Yes - Unknown #,Unknown
ITRC20150312-02,"Clinical Reference Laboratory, Inc.",KS,Medical/Healthcare,Yes - Published #,4668
ITRC20150312-01,Mosaic Medical,OR,Medical/Healthcare,Yes - Published #,2207
ITRC20150310-02,Blue Cross Blue Shield - Michigan,MI,Medical/Healthcare,Yes - Published #,5514
ITRC20150309-07,Indiana State Medical Association,IN,Medical/Healthcare,Yes - Published #,38351
ITRC20150309-05,Valley Community Healthcare,CA,Medical/Healthcare,Yes - Published #,1223
ITRC20150309-04,"Office of Sharon J. Jones, M.D.",CA,Medical/Healthcare,Yes - Published #,1342
ITRC20150309-03,St. Mary's (Health) Medical Center (Ascension Health),IN,Medical/Healthcare,Yes - Published #,3952
ITRC20150309-02,San Francisco General Hospital,CA,Medical/Healthcare,Yes - Published #,2500
ITRC20150304-01,Xtra Mile Ambulance Service Company,TX,Medical/Healthcare,Yes - Unknown #,Unknown
ITRC20150303-06,"Benecard Services, Inc.",NJ,Medical/Healthcare,Yes - Unknown #,Unknown
ITRC20150303-01,Blue Cross Blue Shield - Minnesota,MN,Medical/Healthcare,Yes - Unknown #,Unknown
ITRC20150302-09,Suburban Lung Associates / FileFax Inc.,IL,Medical/Healthcare,Yes - Published #,2984
ITRC20150302-06,Medical College of Wisconsin,WI,Medical/Healthcare,Yes - Published #,400
ITRC20150302-05,Home Respiratory Care,CA,Medical/Healthcare,Yes - Published #,1285
ITRC20150302-04,South Sunflower County Hospital,MS,Medical/Healthcare,Yes - Published #,19000
ITRC20150302-03,Pathway to Hope,FL,Medical/Healthcare,Yes - Published #,600
ITRC20150302-02,Hunt Regional Medical Partners,TX,Medical/Healthcare,Yes - Published #,3000
ITRC20150302-01,"Office of Raymond Mark Turner, MD",NV,Medical/Healthcare,Yes - Published #,2153
ITRC20150225-03,"Anthem, Inc. (non-customers) - Blue Cross Blue Shield",IN,Medical/Healthcare,Yes - Published #,8800000
ITRC20150223-03,Planned Parenthood Southwest Ohio,OH,Medical/Healthcare,Yes - Published #,5000
ITRC20150223-02,Office of Arturo Tomas,IL,Medical/Healthcare,Yes - Published #,680
ITRC20150223-01,Lone Star Circle of Care,TX,Medical/Healthcare,Yes - Published #,8700
ITRC20150220-01,Office of Cathrine Steinborn DDS,CA,Medical/Healthcare,Yes - Published #,3224
ITRC20150217-14,"Otsuka America, Inc.",CA,Medical/Healthcare,Yes - Unknown #,Unknown
ITRC20150217-12,Harvard Pilgrim Health Care,MA,Medical/Healthcare,Yes - Unknown #,Unknown
ITRC20150217-07,State of Franklin Healthcare Associates,TN,Medical/Healthcare,Yes - Unknown #,Unknown
ITRC20150217-06,Kaiser Permanente Hawaii,HI,Medical/Healthcare,Yes - Published #,6600
ITRC20150217-05,"Office of Ronald D. Garrett-Roe, MD",TX,Medical/Healthcare,Yes - Published #,1600
ITRC20150217-04,North Dallas Urogynecology PLLC,TX,Medical/Healthcare,Yes - Published #,678
ITRC20150217-03,National Pain Institute,FL,Medical/Healthcare,Yes - Published #,500
ITRC20150217-02,mdINR LLC,FL,Medical/Healthcare,Yes - Published #,1859
ITRC20150217-01,"Office of David E. Hansen, DDS PS",WA,Medical/Healthcare,Yes - Published #,2000
ITRC20150213-04,Dartmouth-Hitchcock Medical Center,NH,Medical/Healthcare,Yes - Unknown #,Unknown
ITRC20150209-01,Rainier Surgical Inc.,TX,Medical/Healthcare,Yes - Published #,4920
ITRC20150205-02,Boston Baskin Cancer Foundation,MA,Medical/Healthcare,Yes - Published #,56694
ITRC20150205-01,"Anthem, Inc. - Customers",IN,Medical/Healthcare,Yes - Published #,78800000
ITRC20150202-02,Umass Memorial Medical Group,MA,Medical/Healthcare,Yes - Published #,14000
ITRC20150202-01,Senior Health Partners / Premier Home Health,NY,Medical/Healthcare,Yes - Published #,2772
ITRC20150130-01,Riverside County Regional Medical Center (RCRMC) #,CA,Medical/Healthcare,Yes - Published #,7925
ITRC20150127-03,Harel Chiropractic,WI,Medical/Healthcare,Yes - Published #,3000
ITRC20150126-01,California Pacific Medical Center,CA,Medical/Healthcare,Yes - Published #,845
ITRC20150123-13,St. Peter's Health Partners,NY,Medical/Healthcare,Yes - Published #,5117
ITRC20150122-01,Sunglo Home Health Services,TX,Medical/Healthcare,Yes - Unknown #,Unknown